Model Name,Latency (s),Clemscore,Parameters (B),Release Date,Open Weight,Languages,Context Size (k),License Name,License URL,Single Image,Multi Image,Audio,Video,Input $/1M tokens,Output $/1M tokens,License,Temp Date
o1-preview-2024-09-12,7.368572853601854,73.63,,2024-09-12,False,English,,Apache 2.0,https://www.apache.org/licenses/LICENSE-2.0,False,False,False,False,15.0,60.0,"<a href=""https://www.apache.org/licenses/LICENSE-2.0"" style=""color: blue;"">Apache 2.0</a>",2024-09-12
gpt-4-1106-vision-preview,4.712557435752081,73.55,,2023-11-06,False,English,,Apache 2.0,https://www.apache.org/licenses/LICENSE-2.0,True,True,False,False,10.0,30.0,"<a href=""https://www.apache.org/licenses/LICENSE-2.0"" style=""color: blue;"">Apache 2.0</a>",2023-11-06
claude-3-5-sonnet-20240620,2.0645066812060726,68.925,,2024-06-20,False,English,,Apache 2.0,https://www.apache.org/licenses/LICENSE-2.0,True,True,False,False,3.0,15.0,"<a href=""https://www.apache.org/licenses/LICENSE-2.0"" style=""color: blue;"">Apache 2.0</a>",2024-06-20
gpt-4o-2024-08-06,1.951333607454077,63.875,,2024-08-06,False,English,,Apache 2.0,https://www.apache.org/licenses/LICENSE-2.0,True,True,False,False,3.75,15.0,"<a href=""https://www.apache.org/licenses/LICENSE-2.0"" style=""color: blue;"">Apache 2.0</a>",2024-08-06
gpt-4o-2024-05-13,5.022646224034688,58.95,,2024-05-13,False,English,,Apache 2.0,https://www.apache.org/licenses/LICENSE-2.0,True,True,False,False,5.0,15.0,"<a href=""https://www.apache.org/licenses/LICENSE-2.0"" style=""color: blue;"">Apache 2.0</a>",2024-05-13
gpt-4-turbo-2024-04-09,,58.3,,2024-04-09,False,English,,Apache 2.0,https://www.apache.org/licenses/LICENSE-2.0,False,False,False,False,10.0,30.0,"<a href=""https://www.apache.org/licenses/LICENSE-2.0"" style=""color: blue;"">Apache 2.0</a>",2024-04-09
claude-3-opus-20240229,3.916101346449241,55.29,,2024-02-29,False,English,,Apache 2.0,https://www.apache.org/licenses/LICENSE-2.0,True,True,False,False,15.0,75.0,"<a href=""https://www.apache.org/licenses/LICENSE-2.0"" style=""color: blue;"">Apache 2.0</a>",2024-02-29
gpt-4-0125-preview,1.0418927523113648,52.5,,2024-01-25,False,English,,Apache 2.0,https://www.apache.org/licenses/LICENSE-2.0,False,False,False,False,10.0,30.0,"<a href=""https://www.apache.org/licenses/LICENSE-2.0"" style=""color: blue;"">Apache 2.0</a>",2024-01-25
Meta-Llama-3.1-405B-Instruct-Turbo,0.7886103946545819,52.11,405.0,2024-07-23,True,English,,Apache 2.0,https://www.apache.org/licenses/LICENSE-2.0,False,False,False,False,0.0,0.0,"<a href=""https://www.apache.org/licenses/LICENSE-2.0"" style=""color: blue;"">Apache 2.0</a>",2024-07-23
gpt-4-1106-preview,0.7767265743542736,51.99,,2023-11-06,False,English,,Apache 2.0,https://www.apache.org/licenses/LICENSE-2.0,False,False,False,False,0.0,0.0,"<a href=""https://www.apache.org/licenses/LICENSE-2.0"" style=""color: blue;"">Apache 2.0</a>",2023-11-06
gpt-4-0613,0.648441146582876,51.09,,2023-06-13,False,English,,Apache 2.0,https://www.apache.org/licenses/LICENSE-2.0,False,False,False,False,0.0,0.0,"<a href=""https://www.apache.org/licenses/LICENSE-2.0"" style=""color: blue;"">Apache 2.0</a>",2023-06-13
gpt-4o-mini-2024-07-18,2.08647007916325,46.55,,2024-07-18,False,English,,Apache 2.0,https://www.apache.org/licenses/LICENSE-2.0,True,True,False,False,0.3,1.2,"<a href=""https://www.apache.org/licenses/LICENSE-2.0"" style=""color: blue;"">Apache 2.0</a>",2024-07-18
Mistral-Large-Instruct-2407,1.2444667688634192,45.39,123.0,2024-07-24,True,English,,Apache 2.0,https://www.apache.org/licenses/LICENSE-2.0,False,False,False,False,0.0,0.0,"<a href=""https://www.apache.org/licenses/LICENSE-2.0"" style=""color: blue;"">Apache 2.0</a>",2024-07-24
Meta-Llama-3.1-70B-Instruct,0.8105055275945292,38.83,70.0,2024-07-23,True,English,,Apache 2.0,https://www.apache.org/licenses/LICENSE-2.0,False,False,False,False,0.0,0.0,"<a href=""https://www.apache.org/licenses/LICENSE-2.0"" style=""color: blue;"">Apache 2.0</a>",2024-07-23
InternVL2-26B,4.239272214812438,37.45,26.0,2024-07-15,True,"Chinese, English",,Apache 2.0,https://www.apache.org/licenses/LICENSE-2.0,True,True,False,False,0.0,0.0,"<a href=""https://www.apache.org/licenses/LICENSE-2.0"" style=""color: blue;"">Apache 2.0</a>",2024-07-15
InternVL2-Llama3-76B,10.660117299385416,33.84,76.0,2024-07-15,True,"Chinese, English",,Apache 2.0,https://www.apache.org/licenses/LICENSE-2.0,True,True,False,False,0.0,0.0,"<a href=""https://www.apache.org/licenses/LICENSE-2.0"" style=""color: blue;"">Apache 2.0</a>",2024-07-15
claude-2.1,1.6836316221022516,32.5,,2023-11-21,False,English,,Apache 2.0,https://www.apache.org/licenses/LICENSE-2.0,False,False,False,False,8.0,24.0,"<a href=""https://www.apache.org/licenses/LICENSE-2.0"" style=""color: blue;"">Apache 2.0</a>",2023-11-21
InternVL2-40B,6.267102418391484,32.23,40.0,2024-07-15,True,"Chinese, English",,Apache 2.0,https://www.apache.org/licenses/LICENSE-2.0,True,True,False,False,0.0,0.0,"<a href=""https://www.apache.org/licenses/LICENSE-2.0"" style=""color: blue;"">Apache 2.0</a>",2024-07-15
claude-3-sonnet-20240229,1.4194860128225952,30.53,,2024-02-29,False,English,,Apache 2.0,https://www.apache.org/licenses/LICENSE-2.0,True,True,False,False,3.0,15.0,"<a href=""https://www.apache.org/licenses/LICENSE-2.0"" style=""color: blue;"">Apache 2.0</a>",2024-02-29
Qwen1.5-72B-Chat,12.689668927658191,30.37,72.0,2024-01-30,True,"Chinese, English",,Apache 2.0,https://www.apache.org/licenses/LICENSE-2.0,False,False,False,False,0.0,0.0,"<a href=""https://www.apache.org/licenses/LICENSE-2.0"" style=""color: blue;"">Apache 2.0</a>",2024-01-30
Qwen2-72B-Instruct,0.9480584860151366,30.03,72.0,2024-05-28,True,"Chinese, English",,Apache 2.0,https://www.apache.org/licenses/LICENSE-2.0,False,False,False,False,0.0,0.0,"<a href=""https://www.apache.org/licenses/LICENSE-2.0"" style=""color: blue;"">Apache 2.0</a>",2024-05-28
idefics-80b-instruct,6.8089303915502315,29.55,80.0,2023-07-24,True,English,,Apache 2.0,https://www.apache.org/licenses/LICENSE-2.0,True,True,False,False,0.0,0.0,"<a href=""https://www.apache.org/licenses/LICENSE-2.0"" style=""color: blue;"">Apache 2.0</a>",2023-07-24
Pixtral-12B-2409,1.4976731684122335,28.64,12.0,2024-09-11,True,English,,Apache 2.0,https://www.apache.org/licenses/LICENSE-2.0,True,True,False,False,0.0,0.0,"<a href=""https://www.apache.org/licenses/LICENSE-2.0"" style=""color: blue;"">Apache 2.0</a>",2024-09-11
mistral-large-2402,0.3967416598893965,28.17,123.0,2024-02-01,True,English,,Apache 2.0,https://www.apache.org/licenses/LICENSE-2.0,False,False,False,False,0.0,0.0,"<a href=""https://www.apache.org/licenses/LICENSE-2.0"" style=""color: blue;"">Apache 2.0</a>",2024-02-01
Qwen2.5-Coder-32B-Instruct,0.8337066960552915,27.57,32.0,2024-11-06,True,"Chinese, English",,Apache 2.0,https://www.apache.org/licenses/LICENSE-2.0,False,False,False,False,0.0,0.0,"<a href=""https://www.apache.org/licenses/LICENSE-2.0"" style=""color: blue;"">Apache 2.0</a>",2024-11-06
gemma-2-9b-it,0.3692553324432573,27.34,9.0,2024-06-24,True,English,,Apache 2.0,https://www.apache.org/licenses/LICENSE-2.0,False,False,False,False,0.0,0.0,"<a href=""https://www.apache.org/licenses/LICENSE-2.0"" style=""color: blue;"">Apache 2.0</a>",2024-06-24
gpt-3.5-turbo-0125,,27.22,,2024-01-25,False,English,,Apache 2.0,https://www.apache.org/licenses/LICENSE-2.0,False,False,False,False,0.5,1.5,"<a href=""https://www.apache.org/licenses/LICENSE-2.0"" style=""color: blue;"">Apache 2.0</a>",2024-01-25
command-r-plus,0.3104016019283746,24.94,104.0,2024-04-01,True,English,,Apache 2.0,https://www.apache.org/licenses/LICENSE-2.0,False,False,False,False,0.0,0.0,"<a href=""https://www.apache.org/licenses/LICENSE-2.0"" style=""color: blue;"">Apache 2.0</a>",2024-04-01
openchat_3.5,0.3172876868462049,23.64,7.0,2023-10-30,True,English,,Apache 2.0,https://www.apache.org/licenses/LICENSE-2.0,False,False,False,False,0.0,0.0,"<a href=""https://www.apache.org/licenses/LICENSE-2.0"" style=""color: blue;"">Apache 2.0</a>",2023-10-30
InternVL2-8B,1.948600327851168,23.17,8.0,2024-07-15,True,"Chinese, English",,Apache 2.0,https://www.apache.org/licenses/LICENSE-2.0,True,True,False,False,0.0,0.0,"<a href=""https://www.apache.org/licenses/LICENSE-2.0"" style=""color: blue;"">Apache 2.0</a>",2024-07-15
claude-3-haiku-20240307,0.8695497396191068,22.49,,2024-03-07,False,English,,Apache 2.0,https://www.apache.org/licenses/LICENSE-2.0,True,True,False,False,0.25,1.25,"<a href=""https://www.apache.org/licenses/LICENSE-2.0"" style=""color: blue;"">Apache 2.0</a>",2024-03-07
sheep-duck-llama-2-70b-v1.1,5.524607914346901,21.5,70.0,2023-09-27,True,English,,Apache 2.0,https://www.apache.org/licenses/LICENSE-2.0,False,False,False,False,0.0,0.0,"<a href=""https://www.apache.org/licenses/LICENSE-2.0"" style=""color: blue;"">Apache 2.0</a>",2023-09-27
Meta-Llama-3.1-8B-Instruct,0.206305748406081,18.36,8.0,2024-07-23,True,English,,Apache 2.0,https://www.apache.org/licenses/LICENSE-2.0,False,False,False,False,0.0,0.0,"<a href=""https://www.apache.org/licenses/LICENSE-2.0"" style=""color: blue;"">Apache 2.0</a>",2024-07-23
openchat-3.5-1210,0.280498276910299,18.22,7.0,2023-12-10,True,English,,Apache 2.0,https://www.apache.org/licenses/LICENSE-2.0,False,False,False,False,0.0,0.0,"<a href=""https://www.apache.org/licenses/LICENSE-2.0"" style=""color: blue;"">Apache 2.0</a>",2023-12-10
Idefics3-8B-Llama3,2.7247848158020003,17.52,8.0,2024-08-05,True,English,,Apache 2.0,https://www.apache.org/licenses/LICENSE-2.0,True,True,False,False,0.0,0.0,"<a href=""https://www.apache.org/licenses/LICENSE-2.0"" style=""color: blue;"">Apache 2.0</a>",2024-08-05
WizardLM-70b-v1.0,3.924977203883497,17.4,70.0,2023-08-09,True,English,,Apache 2.0,https://www.apache.org/licenses/LICENSE-2.0,False,False,False,False,0.0,0.0,"<a href=""https://www.apache.org/licenses/LICENSE-2.0"" style=""color: blue;"">Apache 2.0</a>",2023-08-09
openchat-3.5-0106,0.2920951450556648,17.1,7.0,2024-01-06,True,English,,Apache 2.0,https://www.apache.org/licenses/LICENSE-2.0,False,False,False,False,0.0,0.0,"<a href=""https://www.apache.org/licenses/LICENSE-2.0"" style=""color: blue;"">Apache 2.0</a>",2024-01-06
internlm-xcomposer2d5-7b,8.438096179522176,16.95,7.0,2024-07-02,True,"Chinese, English",,Apache 2.0,https://www.apache.org/licenses/LICENSE-2.0,True,True,False,False,0.0,0.0,"<a href=""https://www.apache.org/licenses/LICENSE-2.0"" style=""color: blue;"">Apache 2.0</a>",2024-07-02
mistral-medium-2312,3.3167870515212083,16.43,,2023-12-01,True,English,,Apache 2.0,https://www.apache.org/licenses/LICENSE-2.0,False,False,False,False,0.0,0.0,"<a href=""https://www.apache.org/licenses/LICENSE-2.0"" style=""color: blue;"">Apache 2.0</a>",2023-12-01
Phi-3.5-vision-instruct,1.540488050470713,15.64,4.0,2024-08-17,True,English,,Apache 2.0,https://www.apache.org/licenses/LICENSE-2.0,True,True,False,False,0.0,0.0,"<a href=""https://www.apache.org/licenses/LICENSE-2.0"" style=""color: blue;"">Apache 2.0</a>",2024-08-17
codegemma-7b-it,0.3048974050865229,15.3,7.0,2024-04-09,True,English,,Apache 2.0,https://www.apache.org/licenses/LICENSE-2.0,False,False,False,False,0.0,0.0,"<a href=""https://www.apache.org/licenses/LICENSE-2.0"" style=""color: blue;"">Apache 2.0</a>",2024-04-09
CodeLlama-34b-Instruct-hf,3.851887315425933,14.35,34.0,2023-08-24,True,English,,Apache 2.0,https://www.apache.org/licenses/LICENSE-2.0,False,False,False,False,0.0,0.0,"<a href=""https://www.apache.org/licenses/LICENSE-2.0"" style=""color: blue;"">Apache 2.0</a>",2023-08-24
command-r,0.1883241491458606,14.15,35.0,2024-03-01,True,English,,Apache 2.0,https://www.apache.org/licenses/LICENSE-2.0,False,False,False,False,0.0,0.0,"<a href=""https://www.apache.org/licenses/LICENSE-2.0"" style=""color: blue;"">Apache 2.0</a>",2024-03-01
gemma-1.1-7b-it,0.1782953878345496,14.14,7.0,2024-03-26,True,English,,Apache 2.0,https://www.apache.org/licenses/LICENSE-2.0,False,False,False,False,0.0,0.0,"<a href=""https://www.apache.org/licenses/LICENSE-2.0"" style=""color: blue;"">Apache 2.0</a>",2024-03-26
SUS-Chat-34B,2.27951476106911,14.11,34.0,2023-11-29,True,English,,Apache 2.0,https://www.apache.org/licenses/LICENSE-2.0,False,False,False,False,0.0,0.0,"<a href=""https://www.apache.org/licenses/LICENSE-2.0"" style=""color: blue;"">Apache 2.0</a>",2023-11-29
aya-23-35B,0.5755088395104287,13.35,35.0,2024-05-19,True,English,,Apache 2.0,https://www.apache.org/licenses/LICENSE-2.0,False,False,False,False,0.0,0.0,"<a href=""https://www.apache.org/licenses/LICENSE-2.0"" style=""color: blue;"">Apache 2.0</a>",2024-05-19
Mixtral-8x22B-Instruct-v0.1,1.0759354563573875,12.69,141.0,2024-04-17,True,English,,Apache 2.0,https://www.apache.org/licenses/LICENSE-2.0,False,False,False,False,0.0,0.0,"<a href=""https://www.apache.org/licenses/LICENSE-2.0"" style=""color: blue;"">Apache 2.0</a>",2024-04-17
tulu-2-dpo-70b,7.848597339328536,12.62,70.0,2023-11-12,True,English,,Apache 2.0,https://www.apache.org/licenses/LICENSE-2.0,False,False,False,False,0.0,0.0,"<a href=""https://www.apache.org/licenses/LICENSE-2.0"" style=""color: blue;"">Apache 2.0</a>",2023-11-12
idefics-9b-instruct,4.156911970172687,12.29,9.0,2023-07-24,True,English,,Apache 2.0,https://www.apache.org/licenses/LICENSE-2.0,True,True,False,False,0.0,0.0,"<a href=""https://www.apache.org/licenses/LICENSE-2.0"" style=""color: blue;"">Apache 2.0</a>",2023-07-24
aya-23-8B,0.4818848185613353,11.72,8.0,2024-05-19,True,English,,Apache 2.0,https://www.apache.org/licenses/LICENSE-2.0,False,False,False,False,0.0,0.0,"<a href=""https://www.apache.org/licenses/LICENSE-2.0"" style=""color: blue;"">Apache 2.0</a>",2024-05-19
WizardLM-13b-v1.2,3.5654367625763,11.48,13.0,2023-07-25,True,English,,Apache 2.0,https://www.apache.org/licenses/LICENSE-2.0,False,False,False,False,0.0,0.0,"<a href=""https://www.apache.org/licenses/LICENSE-2.0"" style=""color: blue;"">Apache 2.0</a>",2023-07-25
vicuna-33b-v1.3,0.8235025152162306,11.27,33.0,2023-06-21,True,English,,Apache 2.0,https://www.apache.org/licenses/LICENSE-2.0,False,False,False,False,0.0,0.0,"<a href=""https://www.apache.org/licenses/LICENSE-2.0"" style=""color: blue;"">Apache 2.0</a>",2023-06-21
Llama-3.1-Nemotron-70B-Instruct-HF,1.105406813859938,10.16,70.0,2024-10-12,True,English,,Apache 2.0,https://www.apache.org/licenses/LICENSE-2.0,False,False,False,False,0.0,0.0,"<a href=""https://www.apache.org/licenses/LICENSE-2.0"" style=""color: blue;"">Apache 2.0</a>",2024-10-12
Yi-34B-Chat,1.2871676207135438,8.27,34.0,2023-11-22,True,English,,Apache 2.0,https://www.apache.org/licenses/LICENSE-2.0,False,False,False,False,0.0,0.0,"<a href=""https://www.apache.org/licenses/LICENSE-2.0"" style=""color: blue;"">Apache 2.0</a>",2023-11-22
Mixtral-8x7B-Instruct-v0.1,0.9392967660636314,8.17,46.7,2023-12-11,True,English,,Apache 2.0,https://www.apache.org/licenses/LICENSE-2.0,False,False,False,False,0.0,0.0,"<a href=""https://www.apache.org/licenses/LICENSE-2.0"" style=""color: blue;"">Apache 2.0</a>",2023-12-11
Mixtral-8x7B-Instruct-v0.1,0.9392967660636314,8.17,46.7,2023-12-11,True,English,,Apache 2.0,https://www.apache.org/licenses/LICENSE-2.0,False,False,False,False,0.0,0.0,"<a href=""https://www.apache.org/licenses/LICENSE-2.0"" style=""color: blue;"">Apache 2.0</a>",2023-12-11
Mistral-7B-Instruct-v0.1,0.2828647550771728,8.01,7.0,2023-09-27,True,English,,Apache 2.0,https://www.apache.org/licenses/LICENSE-2.0,False,False,False,False,0.0,0.0,"<a href=""https://www.apache.org/licenses/LICENSE-2.0"" style=""color: blue;"">Apache 2.0</a>",2023-09-27
vicuna-13b-v1.5,1.4753938719676598,7.01,13.0,2023-07-29,True,English,,Apache 2.0,https://www.apache.org/licenses/LICENSE-2.0,False,False,False,False,0.0,0.0,"<a href=""https://www.apache.org/licenses/LICENSE-2.0"" style=""color: blue;"">Apache 2.0</a>",2023-07-29
Starling-LM-7B-beta,1.365002297029703,6.56,7.0,2024-03-19,True,English,,Apache 2.0,https://www.apache.org/licenses/LICENSE-2.0,False,False,False,False,0.0,0.0,"<a href=""https://www.apache.org/licenses/LICENSE-2.0"" style=""color: blue;"">Apache 2.0</a>",2024-03-19
Phi-3-mini-128k-instruct,0.6615315832127354,6.33,3.8,2024-04-22,True,English,,Apache 2.0,https://www.apache.org/licenses/LICENSE-2.0,False,False,False,False,0.0,0.0,"<a href=""https://www.apache.org/licenses/LICENSE-2.0"" style=""color: blue;"">Apache 2.0</a>",2024-04-22
Qwen2-7B-Instruct,0.3589407217948714,6.18,7.0,2024-06-04,True,"Chinese, English",,Apache 2.0,https://www.apache.org/licenses/LICENSE-2.0,False,False,False,False,0.0,0.0,"<a href=""https://www.apache.org/licenses/LICENSE-2.0"" style=""color: blue;"">Apache 2.0</a>",2024-06-04
salamandra-7b-instruct,0.3894831193548387,6.04,7.0,2024-09-30,True,English,,Apache 2.0,https://www.apache.org/licenses/LICENSE-2.0,False,False,False,False,0.0,0.0,"<a href=""https://www.apache.org/licenses/LICENSE-2.0"" style=""color: blue;"">Apache 2.0</a>",2024-09-30
sheep-duck-llama-2-13b,2.9462099794520573,5.39,13.0,2023-10-04,True,English,,Apache 2.0,https://www.apache.org/licenses/LICENSE-2.0,False,False,False,False,0.0,0.0,"<a href=""https://www.apache.org/licenses/LICENSE-2.0"" style=""color: blue;"">Apache 2.0</a>",2023-10-04
dolphin-vision-72b,10.190958003739729,4.65,72.0,2024-06-28,True,English,,Apache 2.0,https://www.apache.org/licenses/LICENSE-2.0,True,True,False,False,0.0,0.0,"<a href=""https://www.apache.org/licenses/LICENSE-2.0"" style=""color: blue;"">Apache 2.0</a>",2024-06-28
gemma-2-27b-it,0.9922771009345794,3.51,27.0,2024-06-24,True,English,,Apache 2.0,https://www.apache.org/licenses/LICENSE-2.0,False,False,False,False,0.0,0.0,"<a href=""https://www.apache.org/licenses/LICENSE-2.0"" style=""color: blue;"">Apache 2.0</a>",2024-06-24
gemma-1.1-2b-it,0.1192569946127946,2.91,2.0,2024-03-26,True,English,,Apache 2.0,https://www.apache.org/licenses/LICENSE-2.0,False,False,False,False,0.0,0.0,"<a href=""https://www.apache.org/licenses/LICENSE-2.0"" style=""color: blue;"">Apache 2.0</a>",2024-03-26
gemma-2-2b-it,0.3139821517919889,2.67,2.0,2024-07-16,True,English,,Apache 2.0,https://www.apache.org/licenses/LICENSE-2.0,False,False,False,False,0.0,0.0,"<a href=""https://www.apache.org/licenses/LICENSE-2.0"" style=""color: blue;"">Apache 2.0</a>",2024-07-16
Qwen1.5-7B-Chat,0.3898907690883847,2.58,7.0,2024-01-30,True,"Chinese, English",,Apache 2.0,https://www.apache.org/licenses/LICENSE-2.0,False,False,False,False,0.0,0.0,"<a href=""https://www.apache.org/licenses/LICENSE-2.0"" style=""color: blue;"">Apache 2.0</a>",2024-01-30
gemma-7b-it,0.6112263564356434,1.82,7.0,2024-02-21,True,English,,Apache 2.0,https://www.apache.org/licenses/LICENSE-2.0,False,False,False,False,0.0,0.0,"<a href=""https://www.apache.org/licenses/LICENSE-2.0"" style=""color: blue;"">Apache 2.0</a>",2024-02-21
llama-2-70b-chat-hf,4.724659620079607,0.81,70.0,2023-07-18,True,English,,Apache 2.0,https://www.apache.org/licenses/LICENSE-2.0,False,False,False,False,0.0,0.0,"<a href=""https://www.apache.org/licenses/LICENSE-2.0"" style=""color: blue;"">Apache 2.0</a>",2023-07-18
